{
  "lang":"en",
  "name":"pipeline",
  "version":"0.0.0",
  "spacy_version":">=3.8.5,<3.9.0",
  "description":"",
  "author":"",
  "email":"",
  "url":"",
  "license":"",
  "spacy_git_version":"d0c705c",
  "vectors":{
    "width":0,
    "vectors":0,
    "keys":0,
    "name":null,
    "mode":"default"
  },
  "labels":{
    "tok2vec":[

    ],
    "ner":[
      "AGE",
      "CITY",
      "COUNTRY",
      "COUNTY",
      "DATE",
      "DEPARTMENT",
      "DISTRICT",
      "DOCTOR",
      "DURATION",
      "FAMILYNAME",
      "HOSPITAL",
      "ID_NUMBER",
      "LOCATION-OTHER",
      "MEDICAL_RECORD_NUMBER",
      "ORGANIZATION",
      "PATIENT",
      "PERSONALNAME",
      "PHONE",
      "PROFESSION",
      "PROFSSION",
      "SET",
      "STATE",
      "STREET",
      "TIME",
      "URL",
      "ZIP"
    ]
  },
  "pipeline":[
    "tok2vec",
    "ner"
  ],
  "components":[
    "tok2vec",
    "ner"
  ],
  "disabled":[

  ],
  "performance":{
    "ents_f":0.8506995197,
    "ents_p":0.7873985311,
    "ents_r":0.9250681199,
    "ents_per_type":{
      "DATE":{
        "p":0.7086743044,
        "r":0.8540433925,
        "f":0.7745974955
      },
      "TIME":{
        "p":0.7491408935,
        "r":0.9198312236,
        "f":0.8257575758
      },
      "DURATION":{
        "p":0.868596882,
        "r":0.9330143541,
        "f":0.8996539792
      },
      "PERSONALNAME":{
        "p":0.9944444444,
        "r":0.9835164835,
        "f":0.9889502762
      },
      "FAMILYNAME":{
        "p":0.8987341772,
        "r":0.9726027397,
        "f":0.9342105263
      },
      "DOCTOR":{
        "p":0.9165644172,
        "r":0.9552429668,
        "f":0.9355040701
      },
      "SET":{
        "p":0.8714285714,
        "r":1.0,
        "f":0.9312977099
      },
      "ORGANIZATION":{
        "p":0.9166666667,
        "r":1.0,
        "f":0.9565217391
      },
      "LOCATION-OTHER":{
        "p":0.7368421053,
        "r":0.7,
        "f":0.7179487179
      },
      "DISTRICT":{
        "p":1.0,
        "r":0.5,
        "f":0.6666666667
      },
      "PATIENT":{
        "p":0.95625,
        "r":0.9765957447,
        "f":0.9663157895
      },
      "COUNTRY":{
        "p":0.9090909091,
        "r":1.0,
        "f":0.9523809524
      },
      "AGE":{
        "p":0.7272727273,
        "r":0.9696969697,
        "f":0.8311688312
      },
      "HOSPITAL":{
        "p":0.511627907,
        "r":0.8461538462,
        "f":0.6376811594
      },
      "STATE":{
        "p":0.5289256198,
        "r":0.7356321839,
        "f":0.6153846154
      },
      "PROFESSION":{
        "p":0.8529411765,
        "r":0.935483871,
        "f":0.8923076923
      },
      "CITY":{
        "p":0.703125,
        "r":0.9090909091,
        "f":0.7929515419
      },
      "URL":{
        "p":0.5,
        "r":1.0,
        "f":0.6666666667
      },
      "PHONE":{
        "p":0.6666666667,
        "r":1.0,
        "f":0.8
      },
      "PROFSSION":{
        "p":1.0,
        "r":1.0,
        "f":1.0
      },
      "DEPARTMENT":{
        "p":0.5227272727,
        "r":0.8961038961,
        "f":0.6602870813
      },
      "COUNTY":{
        "p":1.0,
        "r":1.0,
        "f":1.0
      },
      "STREET":{
        "p":0.9685534591,
        "r":0.9447852761,
        "f":0.9565217391
      },
      "MEDICAL_RECORD_NUMBER":{
        "p":0.5241935484,
        "r":0.9558823529,
        "f":0.6770833333
      },
      "ID_NUMBER":{
        "p":0.5408560311,
        "r":1.0,
        "f":0.702020202
      },
      "ZIP":{
        "p":0.5217391304,
        "r":0.9350649351,
        "f":0.6697674419
      }
    },
    "tok2vec_loss":754.1183379611,
    "ner_loss":3206.146484375
  }
}